Sample, Time, Position
Line 1
239, 0.10085587203502655, 0.0, 
244, 0.11285887658596039, 0.102, 
241, 0.12485512346029282, 0.204, 
241, 0.13685362040996552, 0.3059, 
240, 0.1488521844148636, 0.4079, 
242, 0.160853311419487, 0.5099, 
238, 0.17285406589508057, 0.6119, 
245, 0.1848503053188324, 0.7138, 
242, 0.19685105979442596, 0.8158, 
243, 0.20884962379932404, 0.9178, 
239, 0.22084850072860718, 1.0198, 
243, 0.23285111784934998, 1.1217, 
233, 0.24484774470329285, 1.2237, 
235, 0.25684624910354614, 1.3257, 
239, 0.2688470482826233, 1.4277, 
243, 0.2808455526828766, 1.5297, 
242, 0.29284632205963135, 1.6316, 
238, 0.3048429489135742, 1.7336, 
240, 0.3168436884880066, 1.8356, 
241, 0.32884225249290466, 1.9376, 
243, 0.34084299206733704, 2.0395, 
237, 0.3528437614440918, 2.1415, 
244, 0.36484038829803467, 2.2435, 
239, 0.3768388628959656, 2.3455, 
244, 0.38883742690086365, 2.4474, 
241, 0.4008404314517975, 2.5494, 
236, 0.4128389358520508, 2.6514, 
235, 0.42483556270599365, 2.7534, 
240, 0.436836302280426, 2.8553, 
237, 0.4488348662853241, 2.9573, 
240, 0.46083563566207886, 3.0593, 
240, 0.47283637523651123, 3.1613, 
245, 0.4848330020904541, 3.2633, 
234, 0.4968315064907074, 3.3652, 
243, 0.5088300704956055, 3.4672, 
242, 0.5208330750465393, 3.5692, 
241, 0.5328315496444702, 3.6712, 
240, 0.5448281764984131, 3.7731, 
245, 0.5568289160728455, 3.8751, 
241, 0.5688275098800659, 3.9771, 
236, 0.5808282494544983, 4.0791, 
245, 0.5928289890289307, 4.181, 
238, 0.6048252582550049, 4.283, 
243, 0.6168263554573059, 4.385, 
244, 0.6288226842880249, 4.487, 
243, 0.6408256888389587, 4.589, 
235, 0.652821958065033, 4.6909, 
239, 0.6648204326629639, 4.7929, 
231, 0.6768237948417664, 4.8949, 
244, 0.6888201236724854, 4.9969, 
256, 0.7008227705955505, 5.0988, 
236, 0.7128171324729919, 5.2008, 
235, 0.7248178720474243, 5.3028, 
240, 0.7368189096450806, 5.4048, 
233, 0.7488152980804443, 5.5067, 
242, 0.7608179450035095, 5.6087, 
241, 0.7728145718574524, 5.7107, 
240, 0.7848130464553833, 5.8127, 
241, 0.796816349029541, 5.9147, 
244, 0.8088123798370361, 6.0166, 
244, 0.8208134770393372, 6.1186, 
237, 0.8328097462654114, 6.2206, 
242, 0.8448104858398438, 6.3226, 
243, 0.8568090796470642, 6.4245, 
233, 0.8688075542449951, 6.5265, 
236, 0.880810558795929, 6.6285, 
242, 0.8928071856498718, 6.7305, 
236, 0.9048056602478027, 6.8324, 
240, 0.9168065190315247, 6.9344, 
241, 0.9288049936294556, 7.0364, 
240, 0.9408057332038879, 7.1384, 
240, 0.9528023600578308, 7.2404, 
238, 0.9648030996322632, 7.3423, 
240, 0.9768016934394836, 7.4443, 
241, 0.988802433013916, 7.5463, 
239, 1.0008032321929932, 7.6483, 
242, 1.012799859046936, 7.7502, 
241, 1.0247982740402222, 7.8522, 
244, 1.0367990732192993, 7.9542, 
233, 1.0002238750457764, 8.0562, 
242, 1.012222409248352, 8.1581, 
242, 1.024219036102295, 8.2601, 
239, 1.0362197160720825, 8.3621, 
240, 1.0482183694839478, 8.4641, 
242, 1.0602190494537354, 8.566, 
233, 1.0722198486328125, 8.668, 
238, 1.0842161178588867, 8.77, 
242, 1.0962153673171997, 8.872, 
237, 1.1082135438919067, 8.974, 
239, 1.1202164888381958, 9.0759, 
241, 1.1322150230407715, 9.1779, 
239, 1.1442116498947144, 9.2799, 
238, 1.1562128067016602, 9.3819, 
243, 1.1682109832763672, 9.4838, 
236, 1.1802116632461548, 9.5858, 
242, 1.192212462425232, 9.6878, 
242, 1.2042087316513062, 9.7898, 
242, 1.2162096500396729, 9.8917, 
243, 1.2282061576843262, 9.9937, 
Line 2
243, 0.1873791217803955, 0.0, 
243, 0.1993776261806488, 0.102, 
241, 0.21137656271457672, 0.204, 
240, 0.2233791947364807, 0.3059, 
237, 0.23537805676460266, 0.4079, 
243, 0.24737431108951569, 0.5099, 
235, 0.25937506556510925, 0.6119, 
241, 0.2713736295700073, 0.7138, 
241, 0.2833743691444397, 0.8158, 
244, 0.29537513852119446, 0.9178, 
244, 0.30737173557281494, 1.0198, 
240, 0.31937211751937866, 1.1217, 
244, 0.3313688039779663, 1.2237, 
239, 0.34337180852890015, 1.3257, 
242, 0.355368435382843, 1.4277, 
236, 0.3673669397830963, 1.5297, 
240, 0.3793695569038391, 1.6316, 
237, 0.39136624336242676, 1.7336, 
271, 0.4033670127391815, 1.8356, 
240, 0.4153636395931244, 1.9376, 
237, 0.42736437916755676, 2.0395, 
245, 0.4393652379512787, 2.1415, 
236, 0.45136144757270813, 2.2435, 
239, 0.46336445212364197, 2.3455, 
241, 0.47536104917526245, 2.4474, 
241, 0.48735955357551575, 2.5494, 
241, 0.49936267733573914, 2.6514, 
241, 0.5113588571548462, 2.7534, 
245, 0.5233595967292786, 2.8553, 
241, 0.5353562235832214, 2.9573, 
240, 0.5473570227622986, 3.0593, 
235, 0.5593555569648743, 3.1613, 
240, 0.57135409116745, 3.2633, 
243, 0.583357036113739, 3.3652, 
241, 0.5953533053398132, 3.4672, 
238, 0.6073521971702576, 3.5692, 
242, 0.6193507313728333, 3.6712, 
242, 0.6313514709472656, 3.7731, 
243, 0.6433522701263428, 3.8751, 
242, 0.6553484797477722, 3.9771, 
240, 0.6673492789268494, 4.0791, 
239, 0.6793481707572937, 4.181, 
242, 0.6913489103317261, 4.283, 
241, 0.7033497095108032, 4.385, 
241, 0.7153459191322327, 4.487, 
243, 0.7273444533348083, 4.589, 
243, 0.7393434047698975, 4.6909, 
238, 0.7513459920883179, 4.7929, 
241, 0.7633448839187622, 4.8949, 
248, 0.7753411531448364, 4.9969, 
246, 0.7873418927192688, 5.0988, 
235, 0.7993404269218445, 5.2008, 
243, 0.8113411664962769, 5.3028, 
240, 0.8233423233032227, 5.4048, 
245, 0.8353385329246521, 5.5067, 
246, 0.8473370671272278, 5.6087, 
242, 0.8593356013298035, 5.7107, 
242, 0.8713386058807373, 5.8127, 
239, 0.8833374977111816, 5.9147, 
242, 0.8953337669372559, 6.0166, 
240, 0.9073345065116882, 6.1186, 
242, 0.9193330407142639, 6.2206, 
240, 0.9313338398933411, 6.3226, 
234, 0.9433345794677734, 6.4245, 
239, 0.9553312063217163, 6.5265, 
238, 0.9673319458961487, 6.6285, 
239, 0.9793282747268677, 6.7305, 
239, 0.9913312792778015, 6.8324, 
240, 1.0033278465270996, 6.9344, 
236, 1.0153263807296753, 7.0364, 
242, 1.0273293256759644, 7.1384, 
238, 1.0393257141113281, 7.2404, 
260, 1.002752661705017, 7.3423, 
243, 1.0147470235824585, 7.4443, 
240, 1.0267478227615356, 7.5463, 
244, 1.038748860359192, 7.6483, 
245, 1.050744891166687, 7.7502, 
238, 1.062747836112976, 7.8522, 
242, 1.0747441053390503, 7.9542, 
240, 1.0867429971694946, 8.0562, 
241, 1.0987462997436523, 8.1581, 
242, 1.1107423305511475, 8.2601, 
237, 1.122743010520935, 8.3621, 
241, 1.1347415447235107, 8.4641, 
245, 1.146740436553955, 8.566, 
239, 1.1587389707565308, 8.668, 
239, 1.1707375049591064, 8.77, 
241, 1.1827404499053955, 8.872, 
246, 1.1947367191314697, 8.974, 
245, 1.206735610961914, 9.0759, 
243, 1.2187341451644897, 9.1779, 
240, 1.230734944343567, 9.2799, 
240, 1.2427356243133545, 9.3819, 
248, 1.2547318935394287, 9.4838, 
242, 1.2667326927185059, 9.5858, 
243, 1.2787312269210815, 9.6878, 
244, 1.2907323837280273, 9.7898, 
238, 1.3027331829071045, 9.8917, 
238, 1.3147293329238892, 9.9937, 
Line 3
237, 1.061253547668457, 0.0, 
239, 1.0732561349868774, 0.102, 
245, 1.0852527618408203, 0.204, 
243, 1.097251296043396, 0.3059, 
246, 1.1092543601989746, 0.4079, 
239, 1.1212506294250488, 0.5099, 
254, 1.133251428604126, 0.6119, 
246, 1.1452479362487793, 0.7138, 
244, 1.1572487354278564, 0.8158, 
243, 1.1692497730255127, 0.9178, 
240, 1.1812458038330078, 1.0198, 
246, 1.1932487487792969, 1.1217, 
239, 1.2052454948425293, 1.2237, 
238, 1.2172439098358154, 1.3257, 
236, 1.2292472124099731, 1.4277, 
241, 1.2412432432174683, 1.5297, 
244, 1.2532440423965454, 1.6316, 
243, 1.2652406692504883, 1.7336, 
245, 1.2772413492202759, 1.8356, 
237, 1.2892398834228516, 1.9376, 
244, 1.3012384176254272, 2.0395, 
240, 1.3132414817810059, 2.1415, 
242, 1.3252379894256592, 2.2435, 
242, 1.3372365236282349, 2.3455, 
244, 1.3492374420166016, 2.4474, 
243, 1.3612358570098877, 2.5494, 
242, 1.3732366561889648, 2.6514, 
237, 1.385235071182251, 2.7534, 
237, 1.3972339630126953, 2.8553, 
239, 1.4092326164245605, 2.9573, 
237, 1.4212332963943481, 3.0593, 
240, 1.4332340955734253, 3.1613, 
244, 1.44523024559021, 3.2633, 
245, 1.4572291374206543, 3.3652, 
240, 1.4692277908325195, 3.4672, 
238, 1.4812307357788086, 3.5692, 
234, 1.4932292699813843, 3.6712, 
245, 1.505225419998169, 3.7731, 
239, 1.517226219177246, 3.8751, 
245, 1.5292251110076904, 3.9771, 
243, 1.5412259101867676, 4.0791, 
244, 1.5532267093658447, 4.181, 
240, 1.565222978591919, 4.283, 
239, 1.5772218704223633, 4.385, 
241, 1.589220404624939, 4.487, 
240, 1.6012229919433594, 4.589, 
244, 1.6132218837738037, 4.6909, 
238, 1.625218152999878, 4.7929, 
238, 1.6372191905975342, 4.8949, 
243, 1.6492173671722412, 4.9969, 
246, 1.6612181663513184, 5.0988, 
243, 1.6732193231582642, 5.2008, 
246, 1.6852154731750488, 5.3028, 
247, 1.6972167491912842, 5.4048, 
240, 1.7092125415802002, 5.5067, 
244, 1.7212156057357788, 5.6087, 
244, 1.7332122325897217, 5.7107, 
244, 1.7452107667922974, 5.8127, 
240, 1.757214069366455, 5.9147, 
239, 1.7692101001739502, 6.0166, 
253, 1.7812108993530273, 6.1186, 
237, 1.7932074069976807, 6.2206, 
243, 1.8052082061767578, 6.3226, 
244, 1.817209243774414, 6.4245, 
239, 1.8292052745819092, 6.5265, 
246, 1.8412082195281982, 6.6285, 
245, 1.8532048463821411, 6.7305, 
239, 1.8652033805847168, 6.8324, 
241, 1.8772066831588745, 6.9344, 
246, 1.8892027139663696, 7.0364, 
240, 1.9012033939361572, 7.1384, 
239, 1.9132001399993896, 7.2404, 
244, 1.9252008199691772, 7.3423, 
247, 1.937199354171753, 7.4443, 
237, 1.9491978883743286, 7.5463, 
242, 1.9612009525299072, 7.6483, 
243, 1.973197102546692, 7.7502, 
244, 1.9851959943771362, 7.8522, 
238, 1.9971967935562134, 7.9542, 
246, 2.009195327758789, 8.0562, 
243, 2.021195888519287, 8.1581, 
244, 2.0331945419311523, 8.2601, 
246, 2.0451934337615967, 8.3621, 
243, 2.0086159706115723, 8.4641, 
242, 2.0206167697906494, 8.566, 
240, 2.0326175689697266, 8.668, 
236, 2.044613838195801, 8.77, 
245, 2.056612730026245, 8.872, 
246, 2.068613052368164, 8.974, 
247, 2.0806140899658203, 9.0759, 
242, 2.0926127433776855, 9.1779, 
239, 2.1046090126037598, 9.2799, 
242, 2.116609573364258, 9.3819, 
241, 2.128608226776123, 9.4838, 
241, 2.1406092643737793, 9.5858, 
239, 2.1526100635528564, 9.6878, 
238, 2.1646063327789307, 9.7898, 
236, 2.176605701446533, 9.8917, 
244, 2.188603401184082, 9.9937, 
238, 2.200606346130371, 10.0957, 
246, 2.2126052379608154, 10.1977, 
245, 2.2246015071868896, 10.2997, 
245, 2.236603021621704, 10.4016, 
239, 2.248600959777832, 10.5036, 
244, 2.260603904724121, 10.6056, 
243, 2.2726023197174072, 10.7076, 
245, 2.2845990657806396, 10.8095, 
242, 2.296600103378296, 10.9115, 
244, 2.308598279953003, 11.0135, 
235, 2.32059907913208, 11.1155, 
242, 2.3325955867767334, 11.2174, 
242, 2.3445942401885986, 11.3194, 
237, 2.356597423553467, 11.4214, 
244, 2.368593454360962, 11.5234, 
252, 2.380596399307251, 11.6254, 
240, 2.3925909996032715, 11.7273, 
241, 2.4045915603637695, 11.8293, 
243, 2.416592836380005, 11.9313, 
242, 2.428591012954712, 12.0333, 
245, 2.440591812133789, 12.1352, 
248, 2.452587842941284, 12.2372, 
242, 2.4645867347717285, 12.3392, 
240, 2.476590156555176, 12.4412, 
238, 2.488586187362671, 12.5431, 
245, 2.500586986541748, 12.6451, 
243, 2.512585401535034, 12.7471, 
242, 2.5245842933654785, 12.8491, 
244, 2.5365829467773438, 12.9511, 
237, 2.548583507537842, 13.053, 
244, 2.560584306716919, 13.155, 
244, 2.572580575942993, 13.257, 
244, 2.5845794677734375, 13.359, 
247, 2.5965802669525146, 13.4609, 
240, 2.608581066131592, 13.5629, 
241, 2.620579481124878, 13.6649, 
240, 2.632577896118164, 13.7669, 
243, 2.6445765495300293, 13.8688, 
246, 2.6565754413604736, 13.9708, 
236, 2.6685781478881836, 14.0728, 
241, 2.680576801300049, 14.1748, 
239, 2.692573070526123, 14.2767, 
243, 2.7045717239379883, 14.3787, 
243, 2.7165725231170654, 14.4807, 
242, 2.7285733222961426, 14.5827, 
242, 2.7405738830566406, 14.6847, 
239, 2.752570629119873, 14.7866, 
246, 2.764569044113159, 14.8886, 
246, 2.7765676975250244, 14.9906, 
240, 2.7885684967041016, 15.0926, 
245, 2.8005690574645996, 15.1945, 
243, 2.812565803527832, 15.2965, 
240, 2.8245654106140137, 15.3985, 
246, 2.8365650177001953, 15.5005, 
242, 2.8485658168792725, 15.6024, 
241, 2.860564708709717, 15.7044, 
244, 2.872560977935791, 15.8064, 
245, 2.8845629692077637, 15.9084, 
243, 2.8965601921081543, 16.0104, 
243, 2.9085633754730225, 16.1123, 
245, 2.920559883117676, 16.2143, 
245, 2.932558536529541, 16.3163, 
242, 2.9445595741271973, 16.4183, 
244, 2.9565577507019043, 16.5202, 
269, 2.9685585498809814, 16.6222, 
242, 2.9805550575256348, 16.7242, 
245, 2.9925537109375, 16.8262, 
244, 3.0045571327209473, 16.9281, 
246, 3.0165529251098633, 17.0301, 
240, 3.0285558700561523, 17.1321, 
243, 3.0405521392822266, 17.2341, 
241, 3.0039751529693604, 17.3361, 
243, 3.0159735679626465, 17.438, 
236, 3.0279743671417236, 17.54, 
244, 3.039975166320801, 17.642, 
249, 3.051971435546875, 17.744, 
241, 3.0639703273773193, 17.8459, 
246, 3.0759711265563965, 17.9479, 
241, 3.0879695415496826, 18.0499, 
244, 3.0999703407287598, 18.1519, 
243, 3.111968755722046, 18.2538, 
245, 3.123967409133911, 18.3558, 
245, 3.1359663009643555, 18.4578, 
239, 3.1479671001434326, 18.5598, 
236, 3.1599676609039307, 18.6618, 
242, 3.171963930130005, 18.7637, 
247, 3.18396258354187, 18.8657, 
242, 3.1959633827209473, 18.9677, 
240, 3.2079639434814453, 19.0697, 
245, 3.2199628353118896, 19.1716, 
243, 3.231961488723755, 19.2736, 
246, 3.243959903717041, 19.3756, 
234, 3.2559585571289062, 19.4776, 
239, 3.2679615020751953, 19.5795, 
242, 3.2799603939056396, 19.6815, 
243, 3.291956663131714, 19.7835, 
241, 3.303955078125, 19.8855, 
245, 3.315955877304077, 19.9874, 
241, 3.3279566764831543, 20.0894, 
238, 3.3399555683135986, 20.1914, 
241, 3.3519539833068848, 20.2934, 
244, 3.36395263671875, 20.3954, 
241, 3.375951051712036, 20.4973, 
241, 3.3879542350769043, 20.5993, 
242, 3.3999526500701904, 20.7013, 
246, 3.4119491577148438, 20.8033, 
244, 3.4239492416381836, 20.9052, 
242, 3.435948610305786, 21.0072, 
244, 3.4479494094848633, 21.1092, 
247, 3.4599478244781494, 21.2112, 
242, 3.4719443321228027, 21.3131, 
240, 3.4839468002319336, 21.4151, 
239, 3.495943784713745, 21.5171, 
245, 3.507946729660034, 21.6191, 
246, 3.5199429988861084, 21.7211, 
242, 3.5319418907165527, 21.823, 
241, 3.543942928314209, 21.925, 
241, 3.555941104888916, 22.027, 
259, 3.567941904067993, 22.129, 
236, 3.5799381732940674, 22.2309, 
244, 3.5919370651245117, 22.3329, 
244, 3.603940486907959, 22.4349, 
247, 3.615936279296875, 22.5369, 
240, 3.627939462661743, 22.6388, 
239, 3.6399354934692383, 22.7408, 
242, 3.6519346237182617, 22.8428, 
245, 3.663933038711548, 22.9448, 
241, 3.675933837890625, 23.0468, 
245, 3.687934637069702, 23.1487, 
237, 3.6999306678771973, 23.2507, 
243, 3.7119297981262207, 23.3527, 
244, 3.7239301204681396, 23.4547, 
243, 3.735929012298584, 23.5566, 
240, 3.747931957244873, 23.6586, 
240, 3.7599282264709473, 23.7606, 
238, 3.7719268798828125, 23.8626, 
241, 3.7839252948760986, 23.9645, 
239, 3.795926570892334, 24.0665, 
243, 3.807927131652832, 24.1685, 
247, 3.8199234008789062, 24.2705, 
244, 3.8319220542907715, 24.3724, 
237, 3.8439226150512695, 24.4744, 
238, 3.8559234142303467, 24.5764, 
242, 3.867922306060791, 24.6784, 
237, 3.8799209594726562, 24.7804, 
240, 3.8919193744659424, 24.8823, 
245, 3.9039177894592285, 24.9843, 
235, 3.9159209728240967, 25.0863, 
242, 3.927919387817383, 25.1883, 
245, 3.9399161338806152, 25.2902, 
245, 3.9519145488739014, 25.3922, 
238, 3.9639153480529785, 25.4942, 
241, 3.9759161472320557, 25.5962, 
245, 3.987916946411133, 25.6981, 
240, 3.999913454055786, 25.8001, 
237, 4.011911869049072, 25.9021, 
242, 4.0239105224609375, 26.0041, 
247, 4.035913467407227, 26.1061, 
242, 4.047912120819092, 26.208, 
241, 4.0113325119018555, 26.31, 
240, 4.0233330726623535, 26.412, 
243, 4.035332202911377, 26.514, 
245, 4.047332763671875, 26.6159, 
241, 4.05933141708374, 26.7179, 
244, 4.0713300704956055, 26.8199, 
241, 4.0833306312561035, 26.9219, 
243, 4.095327377319336, 27.0238, 
244, 4.107330322265625, 27.1258, 
247, 4.119326591491699, 27.2278, 
236, 4.1313252449035645, 27.3298, 
240, 4.143326282501221, 27.4318, 
244, 4.155324459075928, 27.5337, 
255, 4.167325496673584, 27.6357, 
243, 4.179321765899658, 27.7377, 
239, 4.191320419311523, 27.8397, 
239, 4.203323841094971, 27.9416, 
244, 4.215319633483887, 28.0436, 
241, 4.227322578430176, 28.1456, 
241, 4.23931884765625, 28.2476, 
239, 4.251317501068115, 28.3495, 
237, 4.263316631317139, 28.4515, 
240, 4.275317192077637, 28.5535, 
244, 4.287318229675293, 28.6555, 
241, 4.299314498901367, 28.7575, 
239, 4.311315059661865, 28.8594, 
245, 4.3233137130737305, 28.9614, 
245, 4.335312366485596, 29.0634, 
246, 4.347314834594727, 29.1654, 
244, 4.359311580657959, 29.2673, 
240, 4.371310234069824, 29.3693, 
237, 4.3833088874816895, 29.4713, 
246, 4.3953094482421875, 29.5733, 
245, 4.407310485839844, 29.6752, 
247, 4.419306755065918, 29.7772, 
242, 4.431307792663574, 29.8792, 
240, 4.443305969238281, 29.9812, 
234, 4.4553070068359375, 30.0832, 
247, 4.467305660247803, 30.1851, 
244, 4.479304313659668, 30.2871, 
241, 4.491302967071533, 30.3891, 
239, 4.503301620483398, 30.4911, 
244, 4.5153045654296875, 30.593, 
238, 4.5273027420043945, 30.695, 
242, 4.539299488067627, 30.797, 
245, 4.551298141479492, 30.899, 
239, 4.56329870223999, 31.0009, 
243, 4.5752997398376465, 31.1029, 
244, 4.5872979164123535, 31.2049, 
240, 4.599297046661377, 31.3069, 
245, 4.611295700073242, 31.4088, 
237, 4.623293876647949, 31.5108, 
239, 4.635296821594238, 31.6128, 
237, 4.6472954750061035, 31.7148, 
243, 4.659292221069336, 31.8168, 
244, 4.671292781829834, 31.9187, 
245, 4.683291435241699, 32.0207, 
246, 4.695291996002197, 32.1227, 
237, 4.7072930335998535, 32.2247, 
245, 4.719289302825928, 32.3266, 
234, 4.731290340423584, 32.4286, 
242, 4.743286609649658, 32.5306, 
246, 4.755289554595947, 32.6326, 
245, 4.7672858238220215, 32.7345, 
242, 4.779284954071045, 32.8365, 
239, 4.791285991668701, 32.9385, 
244, 4.803284168243408, 33.0405, 
243, 4.815284729003906, 33.1425, 
249, 4.8272809982299805, 33.2444, 
246, 4.839282035827637, 33.3464, 
242, 4.851283073425293, 33.4484, 
245, 4.863279342651367, 33.5504, 
244, 4.875282287597656, 33.6523, 
241, 4.8872785568237305, 33.7543, 
241, 4.8992767333984375, 33.8563, 
244, 4.911275386810303, 33.9583, 
246, 4.923276901245117, 34.0602, 
244, 4.935277462005615, 34.1622, 
238, 4.9472737312316895, 34.2642, 
238, 4.9592742919921875, 34.3662, 
237, 4.971272945404053, 34.4682, 
240, 4.983272075653076, 34.5701, 
242, 4.995274543762207, 34.6721, 
245, 5.0072712898254395, 34.7741, 
238, 5.0192694664001465, 34.8761, 
241, 5.031268119812012, 34.978, 
241, 5.043269157409668, 35.08, 
240, 5.0066938400268555, 35.182, 
243, 5.01869010925293, 35.284, 
242, 5.030691146850586, 35.3859, 
238, 5.042689800262451, 35.4879, 
241, 5.054690361022949, 35.5899, 
240, 5.066690921783447, 35.6919, 
243, 5.07868766784668, 35.7938, 
240, 5.090686321258545, 35.8958, 
234, 5.10268497467041, 35.9978, 
247, 5.114687919616699, 36.0998, 
245, 5.126686096191406, 36.2018, 
233, 5.138682842254639, 36.3037, 
239, 5.150681972503662, 36.4057, 
244, 5.162682056427002, 36.5077, 
246, 5.174683094024658, 36.6097, 
242, 5.186681270599365, 36.7116, 
245, 5.198680400848389, 36.8136, 
239, 5.210679054260254, 36.9156, 
245, 5.222677230834961, 37.0176, 
242, 5.234680652618408, 37.1195, 
241, 5.246678829193115, 37.2215, 
239, 5.258675575256348, 37.3235, 
241, 5.270676612854004, 37.4255, 
232, 5.282674789428711, 37.5275, 
245, 5.294675827026367, 37.6294, 
244, 5.306672096252441, 37.7314, 
243, 5.3186726570129395, 37.8334, 
238, 5.330673694610596, 37.9354, 
244, 5.34266996383667, 38.0373, 
268, 5.354672908782959, 38.1393, 
243, 5.366669178009033, 38.2413, 
235, 5.378667831420898, 38.3433, 
244, 5.390669345855713, 38.4452, 
245, 5.40266752243042, 38.5472, 
242, 5.414668083190918, 38.6492, 
241, 5.426664352416992, 38.7512, 
244, 5.438665390014648, 38.8532, 
243, 5.450666427612305, 38.9551, 
242, 5.462662696838379, 39.0571, 
247, 5.47466516494751, 39.1591, 
243, 5.486661911010742, 39.2611, 
244, 5.498660564422607, 39.363, 
239, 5.510659217834473, 39.465, 
241, 5.522659778594971, 39.567, 
237, 5.534660339355469, 39.669, 
241, 5.546657085418701, 39.7709, 
236, 5.558657646179199, 39.8729, 
246, 5.5706562995910645, 39.9749, 
243, 5.58265495300293, 40.0769, 
241, 5.594657897949219, 40.1789, 
241, 5.606654644012451, 40.2808, 
243, 5.618653297424316, 40.3828, 
246, 5.630651473999023, 40.4848, 
244, 5.6426544189453125, 40.5868, 
245, 5.654653072357178, 40.6887, 
243, 5.66664981842041, 40.7907, 
244, 5.678650379180908, 40.8927, 
243, 5.690649032592773, 40.9947, 
244, 5.70265007019043, 41.0966, 
241, 5.714650630950928, 41.1986, 
244, 5.72664737701416, 41.3006, 
235, 5.738645553588867, 41.4026, 
245, 5.750644207000732, 41.5046, 
245, 5.7626471519470215, 41.6065, 
241, 5.774645805358887, 41.7085, 
237, 5.786642551422119, 41.8105, 
244, 5.798643112182617, 41.9125, 
246, 5.810641765594482, 42.0144, 
237, 5.8226423263549805, 42.1164, 
248, 5.834643363952637, 42.2184, 
243, 5.846639633178711, 42.3204, 
242, 5.858639240264893, 42.4223, 
239, 5.870636940002441, 42.5243, 
243, 5.8826398849487305, 42.6263, 
241, 5.894638538360596, 42.7283, 
242, 5.90663480758667, 42.8302, 
244, 5.918635845184326, 42.9322, 
242, 5.930634498596191, 43.0342, 
237, 5.9426350593566895, 43.1362, 
244, 5.954631328582764, 43.2382, 
237, 5.966631889343262, 43.3401, 
249, 5.978633403778076, 43.4421, 
246, 5.99062967300415, 43.5441, 
250, 6.0026326179504395, 43.6461, 
247, 6.014628887176514, 43.748, 
240, 6.026627540588379, 43.85, 
244, 6.038625717163086, 43.952, 
245, 6.002050399780273, 44.054, 
238, 6.014051914215088, 44.1559, 
1163, 6.026047706604004, 44.2579, 
0, 6.038044452667236, 44.3599, 
954, 6.050047397613525, 44.4619, 
9, 6.062045574188232, 44.5639, 
290, 6.0740485191345215, 44.6658, 
691, 6.086045265197754, 44.7678, 
0, 6.098039627075195, 44.8698, 
758, 6.110044479370117, 44.9718, 
292, 6.122043132781982, 45.0737, 
436, 6.1340436935424805, 45.1757, 
515, 6.146040439605713, 45.2777, 
197, 6.158041477203369, 45.3797, 
551, 6.170039653778076, 45.4816, 
199, 6.182040691375732, 45.5836, 
471, 6.1940412521362305, 45.6856, 
707, 6.206037998199463, 45.7876, 
17, 6.218036651611328, 45.8896, 
1041, 6.230034828186035, 45.9915, 
305, 6.242038249969482, 46.0935, 
737, 6.2540388107299805, 46.1955, 
716, 6.266033172607422, 46.2975, 
407, 6.27803373336792, 46.3994, 
707, 6.290032386779785, 46.5014, 
338, 6.302033424377441, 46.6034, 
480, 6.3140339851379395, 46.7054, 
450, 6.326030731201172, 46.8073, 
340, 6.338028907775879, 46.9093, 
485, 6.350027561187744, 47.0113, 
273, 6.362030506134033, 47.1133, 
438, 6.374029159545898, 47.2152, 
305, 6.386025905609131, 47.3172, 
248, 6.398026466369629, 47.4192, 
391, 6.410025119781494, 47.5212, 
193, 6.422025680541992, 47.6232, 
349, 6.434026718139648, 47.7251, 
323, 6.446022987365723, 47.8271, 
352, 6.4580230712890625, 47.9291, 
562, 6.470020294189453, 48.0311, 
312, 6.482023239135742, 48.133, 
558, 6.494021892547607, 48.235, 
402, 6.506018161773682, 48.337, 
355, 6.518019199371338, 48.439, 
354, 6.530017852783203, 48.5409, 
354, 6.542018413543701, 48.6429, 
351, 6.554014682769775, 48.7449, 
352, 6.566015243530273, 48.8469, 
353, 6.578016757965088, 48.9489, 
354, 6.590014934539795, 49.0508, 
374, 6.602015495300293, 49.1528, 
352, 6.614012241363525, 49.2548, 
357, 6.626012802124023, 49.3568, 
353, 6.63801383972168, 49.4587, 
354, 6.650010108947754, 49.5607, 
356, 6.662010669708252, 49.6627, 
355, 6.674007415771484, 49.7647, 
351, 6.686007976531982, 49.8666, 
354, 6.698006629943848, 49.9686, 
353, 6.710007667541504, 50.0706, 
351, 6.722008228302002, 50.1726, 
353, 6.734004974365234, 50.2746, 
352, 6.746003150939941, 50.3765, 
353, 6.758004188537598, 50.4785, 
351, 6.770002365112305, 50.5805, 
454, 6.782003402709961, 50.6825, 
821, 6.794000148773193, 50.7844, 
510, 6.806000709533691, 50.8864, 
648, 6.817999362945557, 50.9884, 
357, 6.829999923706055, 51.0904, 
350, 6.842000961303711, 51.1923, 
355, 6.853997230529785, 51.2943, 
353, 6.86599588394165, 51.3963, 
353, 6.877994537353516, 51.4983, 
356, 6.889997482299805, 51.6003, 
349, 6.90199613571167, 51.7022, 
356, 6.913992881774902, 51.8042, 
353, 6.9259934425354, 51.9062, 
355, 6.937992095947266, 52.0082, 
352, 6.949992656707764, 52.1101, 
353, 6.961993217468262, 52.2121, 
355, 6.973989486694336, 52.3141, 
351, 6.985988616943359, 52.4161, 
354, 6.997987270355225, 52.518, 
354, 7.009990215301514, 52.62, 
355, 7.021988868713379, 52.722, 
353, 7.033985137939453, 52.824, 
355, 7.045985698699951, 52.9259, 
349, 7.009408473968506, 53.0279, 
358, 7.021409511566162, 53.1299, 
352, 7.03341007232666, 53.2319, 
352, 7.045406341552734, 53.3339, 
352, 7.057406902313232, 53.4358, 
358, 7.069403648376465, 53.5378, 
352, 7.081406593322754, 53.6398, 
355, 7.09340763092041, 53.7418, 
358, 7.105401515960693, 53.8437, 
350, 7.117403984069824, 53.9457, 
352, 7.129400730133057, 54.0477, 
396, 7.141401767730713, 54.1497, 
356, 7.153398036956787, 54.2516, 
351, 7.165399074554443, 54.3536, 
355, 7.177401542663574, 54.4556, 
352, 7.189395904541016, 54.5576, 
353, 7.201398849487305, 54.6596, 
355, 7.213395595550537, 54.7615, 
353, 7.225394248962402, 54.8635, 
354, 7.237397193908691, 54.9655, 
352, 7.249393463134766, 55.0675, 
354, 7.261394023895264, 55.1694, 
355, 7.273390769958496, 55.2714, 
353, 7.285391807556152, 55.3734, 
354, 7.297389984130859, 55.4754, 
351, 7.309388637542725, 55.5773, 
355, 7.321391582489014, 55.6793, 
358, 7.333388328552246, 55.7813, 
351, 7.345386505126953, 55.8833, 
353, 7.357387542724609, 55.9853, 
354, 7.369388103485107, 56.0872, 
354, 7.381386756896973, 56.1892, 
357, 7.393385410308838, 56.2912, 
352, 7.405384063720703, 56.3932, 
352, 7.417382717132568, 56.4951, 
357, 7.429383277893066, 56.5971, 
355, 7.441384315490723, 56.6991, 
354, 7.453380584716797, 56.8011, 
354, 7.465379238128662, 56.903, 
350, 7.477380275726318, 57.005, 
355, 7.489380836486816, 57.107, 
352, 7.501379489898682, 57.209, 
352, 7.513375759124756, 57.311, 
359, 7.525376796722412, 57.4129, 
358, 7.537375450134277, 57.5149, 
352, 7.549376010894775, 57.6169, 
353, 7.561377048492432, 57.7189, 
348, 7.573373317718506, 57.8208, 
354, 7.585371971130371, 57.9228, 
357, 7.597370624542236, 58.0248, 
353, 7.609373569488525, 58.1268, 
356, 7.621374130249023, 58.2287, 
351, 7.633368492126465, 58.3307, 
355, 7.645369052886963, 58.4327, 
356, 7.657367706298828, 58.5347, 
353, 7.669368743896484, 58.6367, 
351, 7.681369304656982, 58.7386, 
352, 7.693365573883057, 58.8406, 
354, 7.705366611480713, 58.9426, 
351, 7.717363357543945, 59.0446, 
352, 7.729365825653076, 59.1465, 
349, 7.741362571716309, 59.2485, 
352, 7.753360748291016, 59.3505, 
354, 7.765363693237305, 59.4525, 
351, 7.777360439300537, 59.5544, 
399, 7.789363384246826, 59.6564, 
355, 7.801360130310059, 59.7584, 
355, 7.813358306884766, 59.8604, 
354, 7.825359344482422, 59.9623, 
Line 4
253, 1.0407482385635376, 0.0, 
254, 1.0617433786392212, 0.102, 
253, 1.0827430486679077, 0.204, 
253, 1.1037408113479614, 0.3059, 
254, 1.1247429847717285, 0.4079, 
254, 1.1457401514053345, 0.5099, 
256, 1.1667379140853882, 0.6119, 
255, 1.1877375841140747, 0.7138, 
254, 1.2087393999099731, 0.8158, 
254, 1.2297327518463135, 0.9178, 
254, 1.250732421875, 1.0198, 
255, 1.2717365026474, 1.1217, 
253, 1.2927297353744507, 1.2237, 
254, 1.3137271404266357, 1.3257, 
256, 1.3347290754318237, 1.4277, 
253, 1.355724573135376, 1.5297, 
256, 1.3767242431640625, 1.6316, 
254, 1.3977216482162476, 1.7336, 
254, 1.4187240600585938, 1.8356, 
254, 1.4397213459014893, 1.9376, 
256, 1.4607186317443848, 2.0395, 
255, 1.481716513633728, 2.1415, 
256, 1.5027202367782593, 2.2435, 
253, 1.5237157344818115, 2.3455, 
254, 1.5447134971618652, 2.4474, 
255, 1.565717339515686, 2.5494, 
256, 1.5867105722427368, 2.6514, 
254, 1.6077102422714233, 2.7534, 
254, 1.6287102699279785, 2.8553, 
254, 1.649707555770874, 2.9573, 
255, 1.6707054376602173, 3.0593, 
255, 1.6917049884796143, 3.1613, 
254, 1.712705135345459, 3.2633, 
255, 1.7337021827697754, 3.3652, 
255, 1.754699945449829, 3.4672, 
253, 1.7756996154785156, 3.5692, 
256, 1.796701431274414, 3.6712, 
256, 1.8176969289779663, 3.7731, 
255, 1.8386943340301514, 3.8751, 
255, 1.8596985340118408, 3.9771, 
253, 1.8806917667388916, 4.0791, 
254, 1.9016914367675781, 4.181, 
256, 1.9226911067962646, 4.283, 
256, 1.9436888694763184, 4.385, 
253, 1.9646862745285034, 4.487, 
255, 1.9856858253479004, 4.589, 
255, 2.006686210632324, 4.6909, 
255, 2.0276832580566406, 4.7929, 
255, 2.0001070499420166, 4.8949, 
255, 2.0211048126220703, 4.9969, 
256, 2.0421066284179688, 5.0988, 
254, 2.0631017684936523, 5.2008, 
254, 2.084101438522339, 5.3028, 
256, 2.1051032543182373, 5.4048, 
254, 2.126098871231079, 5.5067, 
252, 2.1470961570739746, 5.6087, 
252, 2.1680984497070312, 5.7107, 
253, 2.189093589782715, 5.8127, 
253, 2.2100932598114014, 5.9147, 
255, 2.231093406677246, 6.0166, 
254, 2.252092123031616, 6.1186, 
255, 2.273088216781616, 6.2206, 
255, 2.294088125228882, 6.3226, 
254, 2.3150856494903564, 6.4245, 
256, 2.336087465286255, 6.5265, 
256, 2.3570828437805176, 6.6285, 
254, 2.378082752227783, 6.7305, 
255, 2.3990867137908936, 6.8324, 
255, 2.4200823307037354, 6.9344, 
255, 2.441077470779419, 7.0364, 
256, 2.4620792865753174, 7.1384, 
255, 2.483074903488159, 7.2404, 
253, 2.5040745735168457, 7.3423, 
255, 2.525074005126953, 7.4443, 
256, 2.5460734367370605, 7.5463, 
255, 2.5670714378356934, 7.6483, 
256, 2.588068962097168, 7.7502, 
255, 2.6090712547302246, 7.8522, 
257, 2.63006854057312, 7.9542, 
256, 2.6510660648345947, 8.0562, 
254, 2.6720633506774902, 8.1581, 
252, 2.6930675506591797, 8.2601, 
255, 2.7140607833862305, 8.3621, 
254, 2.735060453414917, 8.4641, 
254, 2.7560606002807617, 8.566, 
256, 2.7770578861236572, 8.668, 
256, 2.7980551719665527, 8.77, 
257, 2.8190553188323975, 8.872, 
254, 2.840054512023926, 8.974, 
256, 2.8610525131225586, 9.0759, 
254, 2.882050037384033, 9.1779, 
254, 2.90305233001709, 9.2799, 
256, 2.9240517616271973, 9.3819, 
252, 2.94504714012146, 9.4838, 
253, 2.9660468101501465, 9.5858, 
254, 2.987048625946045, 9.6878, 
255, 3.0080418586730957, 9.7898, 
252, 3.0290417671203613, 9.8917, 
254, 3.001469850540161, 9.9937, 
252, 3.022463083267212, 10.0957, 
255, 3.0434627532958984, 10.1977, 
256, 3.064460039138794, 10.2997, 
254, 3.0854601860046387, 10.4016, 
253, 3.106457471847534, 10.5036, 
254, 3.1274571418762207, 10.6056, 
253, 3.1484546661376953, 10.7076, 
254, 3.169456958770752, 10.8095, 
252, 3.1904520988464355, 10.9115, 
255, 3.211451768875122, 11.0135, 
256, 3.2324557304382324, 11.1155, 
254, 3.253448963165283, 11.2174, 
252, 3.274446487426758, 11.3194, 
255, 3.2954506874084473, 11.4214, 
254, 3.316443920135498, 11.5234, 
253, 3.3374435901641846, 11.6254, 
254, 3.3584413528442383, 11.7273, 
255, 3.379441022872925, 11.8293, 
256, 3.4004383087158203, 11.9313, 
255, 3.421438455581665, 12.0333, 
252, 3.4424357414245605, 12.1352, 
254, 3.463437557220459, 12.2372, 
253, 3.484433174133301, 12.3392, 
252, 3.5054328441619873, 12.4412, 
257, 3.5264370441436768, 12.5431, 
253, 3.5474302768707275, 12.6451, 
255, 3.568429946899414, 12.7471, 
255, 3.5894317626953125, 12.8491, 
257, 3.6104273796081543, 12.9511, 
255, 3.63142466545105, 13.053, 
253, 3.6524243354797363, 13.155, 
255, 3.67342209815979, 13.257, 
253, 3.6944217681884766, 13.359, 
256, 3.715419292449951, 13.4609, 
253, 3.7364213466644287, 13.5629, 
255, 3.7574188709259033, 13.6649, 
253, 3.778416156768799, 13.7669, 
254, 3.7994160652160645, 13.8688, 
256, 3.820417881011963, 13.9708, 
254, 3.8414111137390137, 14.0728, 
254, 3.8624107837677, 14.1748, 
253, 3.8834147453308105, 14.2767, 
255, 3.9044079780578613, 14.3787, 
255, 3.925405502319336, 14.4807, 
255, 3.9464097023010254, 14.5827, 
256, 3.9674034118652344, 14.6847, 
253, 3.9884026050567627, 14.7866, 
255, 4.009400367736816, 14.8886, 
255, 4.030402660369873, 14.9906, 
253, 4.002823829650879, 15.0926, 
253, 4.0238213539123535, 15.1945, 
254, 4.044821262359619, 15.2965, 
258, 4.065823078155518, 15.3985, 
256, 4.086818695068359, 15.5005, 
254, 4.107815742492676, 15.6024, 
253, 4.128819942474365, 15.7044, 
254, 4.149813175201416, 15.8064, 
254, 4.170813083648682, 15.9084, 
254, 4.191812515258789, 16.0104, 
254, 4.212810516357422, 16.1123, 
254, 4.2338080406188965, 16.2143, 
255, 4.254807472229004, 16.3163, 
255, 4.2758073806762695, 16.4183, 
254, 4.296804904937744, 16.5202, 
254, 4.317802429199219, 16.6222, 
253, 4.338801860809326, 16.7242, 
256, 4.359803676605225, 16.8262, 
257, 4.380799293518066, 16.9281, 
254, 4.401796817779541, 17.0301, 
255, 4.4228010177612305, 17.1321, 
256, 4.443794250488281, 17.2341, 
254, 4.464793682098389, 17.3361, 
254, 4.485795497894287, 17.438, 
255, 4.506791114807129, 17.54, 
256, 4.5277910232543945, 17.642, 
256, 4.548788547515869, 17.744, 
254, 4.569789886474609, 17.8459, 
254, 4.590787887573242, 17.9479, 
253, 4.611785888671875, 18.0499, 
256, 4.632782936096191, 18.1519, 
254, 4.65378475189209, 18.2538, 
254, 4.674780368804932, 18.3558, 
254, 4.695780277252197, 18.4578, 
255, 4.716784477233887, 18.5598, 
254, 4.7377777099609375, 18.6618, 
253, 4.758774757385254, 18.7637, 
255, 4.7797770500183105, 18.8657, 
253, 4.800772190093994, 18.9677, 
255, 4.82177209854126, 19.0697, 
253, 4.842769622802734, 19.1716, 
254, 4.863771438598633, 19.2736, 
253, 4.884768962860107, 19.3756, 
254, 4.905766487121582, 19.4776, 
253, 4.926764011383057, 19.5795, 
258, 4.947765827178955, 19.6815, 
253, 4.968761444091797, 19.7835, 
253, 4.989760875701904, 19.8855, 
253, 5.010765075683594, 19.9874, 
256, 5.0317583084106445, 20.0894, 
254, 5.004181861877441, 20.1914, 
257, 5.025181770324707, 20.2934, 
253, 5.046179294586182, 20.3954, 
254, 5.067176818847656, 20.4973, 
255, 5.088176727294922, 20.5993, 
254, 5.1091766357421875, 20.7013, 
255, 5.130174160003662, 20.8033, 
254, 5.151171684265137, 20.9052, 
253, 5.172171592712402, 21.0072, 
257, 5.19317102432251, 21.1092, 
253, 5.214168548583984, 21.2112, 
254, 5.235166072845459, 21.3131, 
254, 5.256172180175781, 21.4151, 
253, 5.277163505554199, 21.5171, 
255, 5.298163414001465, 21.6191, 
256, 5.319162845611572, 21.7211, 
255, 5.340160369873047, 21.823, 
255, 5.3611578941345215, 21.925, 
254, 5.382157802581787, 22.027, 
256, 5.403157711029053, 22.129, 
256, 5.424155235290527, 22.2309, 
255, 5.445152282714844, 22.3329, 
256, 5.466152191162109, 22.4349, 
254, 5.487154006958008, 22.5369, 
253, 5.50814962387085, 22.6388, 
255, 5.529149055480957, 22.7408, 
253, 5.5501508712768555, 22.8428, 
253, 5.571146488189697, 22.9448, 
255, 5.592144012451172, 23.0468, 
254, 5.61314582824707, 23.1487, 
254, 5.634141445159912, 23.2507, 
255, 5.6551408767700195, 23.3527, 
254, 5.676138877868652, 23.4547, 
254, 5.697138786315918, 23.5566, 
253, 5.718135833740234, 23.6586, 
255, 5.7391357421875, 23.7606, 
254, 5.760133266448975, 23.8626, 
253, 5.781135082244873, 23.9645, 
253, 5.802130699157715, 24.0665, 
256, 5.8231306076049805, 24.1685, 
252, 5.844134330749512, 24.2705, 
254, 5.8651275634765625, 24.3724, 
256, 5.886125087738037, 24.4744, 
254, 5.907131195068359, 24.5764, 
254, 5.928122520446777, 24.6784, 
254, 5.949124336242676, 24.7804, 
254, 5.97012186050415, 24.8823, 
255, 5.991119861602783, 24.9843, 
254, 6.012117385864258, 25.0863, 
253, 6.033116817474365, 25.1883, 
254, 6.005542755126953, 25.2902, 
255, 6.026540279388428, 25.3922, 
256, 6.047537803649902, 25.4942, 
256, 6.068535327911377, 25.5962, 
257, 6.089539527893066, 25.6981, 
254, 6.110532760620117, 25.8001, 
256, 6.131532192230225, 25.9021, 
255, 6.152534008026123, 26.0041, 
253, 6.173529624938965, 26.1061, 
256, 6.1945271492004395, 26.208, 
252, 6.215527057647705, 26.31, 
254, 6.236525058746338, 26.412, 
255, 6.257524013519287, 26.514, 
256, 6.278523921966553, 26.6159, 
254, 6.299523830413818, 26.7179, 
254, 6.320523262023926, 26.8199, 
256, 6.341518402099609, 26.9219, 
255, 6.362516403198242, 27.0238, 
255, 6.383520603179932, 27.1258, 
254, 6.404513835906982, 27.2278, 
254, 6.42551326751709, 27.3298, 
255, 6.446517467498779, 27.4318, 
254, 6.46751070022583, 27.5337, 
255, 6.488508224487305, 27.6357, 
256, 6.50950813293457, 27.7377, 
256, 6.530506134033203, 27.8397, 
255, 6.5515055656433105, 27.9416, 
254, 6.572504997253418, 28.0436, 
255, 6.593506813049316, 28.1456, 
254, 6.614504337310791, 28.2476, 
255, 6.635499954223633, 28.3495, 
254, 6.65649938583374, 28.4515, 
255, 6.67750358581543, 28.5535, 
255, 6.6984968185424805, 28.6555, 
253, 6.719494342803955, 28.7575, 
255, 6.7404985427856445, 28.8594, 
255, 6.761491775512695, 28.9614, 
254, 6.782491207122803, 29.0634, 
254, 6.803493499755859, 29.1654, 
255, 6.824488639831543, 29.2673, 
254, 6.845486164093018, 29.3693, 
255, 6.866485595703125, 29.4713, 
255, 6.887485980987549, 29.5733, 
255, 6.908485412597656, 29.6752, 
254, 6.929481029510498, 29.7772, 
256, 6.9504804611206055, 29.8792, 
256, 6.971482753753662, 29.9812, 
Line 5
255, 0.26562267541885376, 0.0, 
256, 0.3666153848171234, 0.102, 
255, 0.4676100015640259, 0.204, 
255, 0.5686027407646179, 0.3059, 
256, 0.669599711894989, 0.4079, 
255, 0.7705923318862915, 0.5099, 
256, 0.8715869188308716, 0.6119, 
256, 0.972579300403595, 0.7138, 
255, 1.024996042251587, 0.8158, 
255, 1.1259887218475342, 0.9178, 
256, 1.2269833087921143, 1.0198, 
256, 1.327976107597351, 1.1217, 
256, 1.4289729595184326, 1.2237, 
255, 1.5299656391143799, 1.3257, 
255, 1.630958080291748, 1.4277, 
256, 1.7319507598876953, 1.5297, 
255, 1.8329458236694336, 1.6316, 
256, 1.9339381456375122, 1.7336, 
255, 2.034935474395752, 1.8356, 
256, 2.0873517990112305, 1.9376, 
256, 2.1883463859558105, 2.0395, 
256, 2.289336681365967, 2.1415, 
256, 2.390331745147705, 2.2435, 
255, 2.4913241863250732, 2.3455, 
255, 2.5923190116882324, 2.4474, 
256, 2.6933114528656006, 2.5494, 
256, 2.794308662414551, 2.6514, 
256, 2.895301103591919, 2.7534, 
256, 2.996293783187866, 2.8553, 
256, 3.048710584640503, 2.9573, 
255, 3.149705171585083, 3.0593, 
255, 3.2506978511810303, 3.1613, 
255, 3.3516924381256104, 3.2633, 
255, 3.4526875019073486, 3.3652, 
255, 3.5536842346191406, 3.4672, 
255, 3.654672622680664, 3.5692, 
255, 3.755667209625244, 3.6712, 
256, 3.8566598892211914, 3.7731, 
256, 3.9576544761657715, 3.8751, 
255, 4.010071277618408, 3.9771, 
256, 4.111068248748779, 4.0791, 
256, 4.212062835693359, 4.181, 
255, 4.313053607940674, 4.283, 
256, 4.414045810699463, 4.385, 
255, 4.515040874481201, 4.487, 
256, 4.616035461425781, 4.589, 
255, 4.7170281410217285, 4.6909, 
256, 4.818022727966309, 4.7929, 
256, 4.919017791748047, 4.8949, 
255, 5.020008087158203, 4.9969, 
255, 5.072426795959473, 5.0988, 
255, 5.17341947555542, 5.2008, 
256, 5.2744140625, 5.3028, 
256, 5.3754072189331055, 5.4048, 
255, 5.476403713226318, 5.5067, 
256, 5.577396392822266, 5.6087, 
255, 5.678389072418213, 5.7107, 
256, 5.77938175201416, 5.8127, 
256, 5.88037633895874, 5.9147, 
256, 5.9813714027404785, 6.0166, 
255, 6.033787727355957, 6.1186, 
256, 6.134784698486328, 6.2206, 
255, 6.235777378082275, 6.3226, 
256, 6.336767673492432, 6.4245, 
255, 6.43776273727417, 6.5265, 
256, 6.538754940032959, 6.6285, 
256, 6.63975191116333, 6.7305, 
256, 6.740742206573486, 6.8324, 
256, 6.841739177703857, 6.9344, 
255, 6.942734241485596, 7.0364, 
256, 7.043724536895752, 7.1384, 
256, 7.096141815185547, 7.2404, 
256, 7.197135925292969, 7.3423, 
256, 7.29813289642334, 7.4443, 
255, 7.399125576019287, 7.5463, 
256, 7.500120162963867, 7.6483, 
252, 7.6011128425598145, 7.7502, 
232, 7.702103614807129, 7.8522, 
250, 7.803098201751709, 7.9542, 
232, 7.904090881347656, 8.0562, 
140, 8.005087852478027, 8.1581, 
256, 8.057501792907715, 8.2601, 
256, 8.158496856689453, 8.3621, 
255, 8.259493827819824, 8.4641, 
256, 8.36048412322998, 8.566, 
256, 8.461478233337402, 8.668, 
256, 8.562471389770508, 8.77, 
256, 8.663468360900879, 8.872, 
255, 8.764458656311035, 8.974, 
255, 8.86545181274414, 9.0759, 
256, 8.966447830200195, 9.1779, 
255, 9.0188627243042, 9.2799, 
255, 9.119858741760254, 9.3819, 
256, 9.220849990844727, 9.4838, 
256, 9.32184886932373, 9.5858, 
256, 9.422837257385254, 9.6878, 
256, 9.523832321166992, 9.7898, 
256, 9.62482738494873, 9.8917, 
256, 9.725822448730469, 9.9937, 
256, 9.826814651489258, 10.0957, 
256, 9.927806854248047, 10.1977, 
232, 10.028803825378418, 10.2997, 
284, 10.081218719482422, 10.4016, 
429, 10.182210922241211, 10.5036, 
526, 10.283207893371582, 10.6056, 
472, 10.384198188781738, 10.7076, 
374, 10.48519515991211, 10.8095, 
374, 10.586188316345215, 10.9115, 
374, 10.687182426452637, 11.0135, 
374, 10.78817367553711, 11.1155, 
374, 10.889167785644531, 11.2174, 
374, 10.990164756774902, 11.3194, 
375, 11.042579650878906, 11.4214, 
455, 11.143574714660645, 11.5234, 
445, 11.244566917419434, 11.6254, 
374, 11.345563888549805, 11.7273, 
340, 11.446554183959961, 11.8293, 
165, 11.5475492477417, 11.9313, 
163, 11.648543357849121, 12.0333, 
177, 11.749533653259277, 12.1352, 
229, 11.850531578063965, 12.2372, 
271, 11.951523780822754, 12.3392, 
289, 12.003942489624023, 12.4412, 
298, 12.10493278503418, 12.5431, 
297, 12.205927848815918, 12.6451, 
321, 12.306924819946289, 12.7471, 
341, 12.407915115356445, 12.8491, 
356, 12.508910179138184, 12.9511, 
354, 12.609904289245605, 13.053, 
353, 12.710899353027344, 13.155, 
367, 12.8118896484375, 13.257, 
374, 12.912881851196289, 13.359, 
374, 13.01387882232666, 13.4609, 
374, 13.066293716430664, 13.5629, 
375, 13.167290687561035, 13.6649, 
374, 13.268282890319824, 13.7669, 
374, 13.369277954101562, 13.8688, 
374, 13.470270156860352, 13.9708, 
374, 13.571263313293457, 14.0728, 
374, 13.672255516052246, 14.1748, 
374, 13.773250579833984, 14.2767, 
374, 13.874245643615723, 14.3787, 
374, 13.975240707397461, 14.4807, 
374, 14.027658462524414, 14.5827, 
374, 14.128649711608887, 14.6847, 
374, 14.229643821716309, 14.7866, 
374, 14.330636978149414, 14.8886, 
374, 14.431629180908203, 14.9906, 
374, 14.532626152038574, 15.0926, 
374, 14.633621215820312, 15.1945, 
374, 14.734613418579102, 15.2965, 
374, 14.83560562133789, 15.3985, 
374, 14.936598777770996, 15.5005, 
374, 15.037591934204102, 15.6024, 
374, 15.090012550354004, 15.7044, 
374, 15.19100284576416, 15.8064, 
374, 15.291999816894531, 15.9084, 
374, 15.392993927001953, 16.0104, 
374, 15.493985176086426, 16.1123, 
374, 15.594977378845215, 16.2143, 
375, 15.695972442626953, 16.3163, 
374, 15.796964645385742, 16.4183, 
374, 15.89795970916748, 16.5202, 
374, 15.998956680297852, 16.6222, 
374, 16.051372528076172, 16.7242, 
374, 16.152366638183594, 16.8262, 
374, 16.253358840942383, 16.9281, 
374, 16.354352951049805, 17.0301, 
374, 16.455345153808594, 17.1321, 
374, 16.55634307861328, 17.2341, 
374, 16.657337188720703, 17.3361, 
374, 16.758329391479492, 17.438, 
374, 16.85931968688965, 17.54, 
374, 16.96031379699707, 17.642, 
374, 17.012731552124023, 17.744, 
374, 17.113723754882812, 17.8459, 
374, 17.214719772338867, 17.9479, 
374, 17.315715789794922, 18.0499, 
374, 17.41670799255371, 18.1519, 
374, 17.5177001953125, 18.2538, 
374, 17.618694305419922, 18.3558, 
374, 17.71968650817871, 18.4578, 
374, 17.820680618286133, 18.5598, 
374, 17.921674728393555, 18.6618, 
358, 18.02267074584961, 18.7637, 
1723, 18.075090408325195, 18.8657, 
1790, 18.17608070373535, 18.9677, 
1794, 18.277074813842773, 19.0697, 
1794, 18.378067016601562, 19.1716, 
1797, 18.479063034057617, 19.2736, 
1800, 18.580055236816406, 19.3756, 
1840, 18.68105125427246, 19.4776, 
1815, 18.782045364379883, 19.5795, 
1812, 18.883037567138672, 19.6815, 
1820, 18.98402976989746, 19.7835, 
1830, 19.03644561767578, 19.8855, 
1841, 19.13744354248047, 19.9874, 
1850, 19.238433837890625, 20.0894, 
1859, 19.33942985534668, 20.1914, 
1869, 19.440425872802734, 20.2934, 
1781, 19.54141616821289, 20.3954, 
1684, 19.64240837097168, 20.4973, 
908, 19.7434024810791, 20.5993, 
1653, 19.844398498535156, 20.7013, 
1904, 19.945390701293945, 20.8033, 
1879, 20.04638671875, 20.9052, 
1935, 20.098804473876953, 21.0072, 
1942, 20.199796676635742, 21.1092, 
1951, 20.30078887939453, 21.2112, 
1962, 20.401782989501953, 21.3131, 
1836, 20.502779006958008, 21.4151, 
1911, 20.603771209716797, 21.5171, 
1995, 20.70476531982422, 21.6191, 
2003, 20.805761337280273, 21.7211, 
2012, 20.906753540039062, 21.823, 
1633, 21.00774574279785, 21.925, 
2032, 22.060163497924805, 22.027, 
2040, 22.16115951538086, 22.129, 
2048, 22.262149810791016, 22.2309, 
2061, 22.363147735595703, 22.3329, 
2067, 22.464139938354492, 22.4349, 
2077, 22.56513023376465, 22.5369, 
2082, 22.66612434387207, 22.6388, 
2094, 22.76711654663086, 22.7408, 
2100, 22.868114471435547, 22.8428, 
2108, 22.969104766845703, 22.9448, 
2113, 23.021522521972656, 23.0468, 
2116, 23.122520446777344, 23.1487, 
2123, 23.2235107421875, 23.2507, 
2127, 23.324504852294922, 23.3527, 
2129, 23.425498962402344, 23.4547, 
2132, 23.5264949798584, 23.5566, 
2135, 23.627485275268555, 23.6586, 
2137, 23.72848129272461, 23.7606, 
2138, 23.82947540283203, 23.8626, 
2139, 23.93046760559082, 23.9645, 
2139, 24.031461715698242, 24.0665, 
2140, 24.083879470825195, 24.1685, 
2137, 24.184873580932617, 24.2705, 
2134, 24.285865783691406, 24.3724, 
2133, 24.38686180114746, 24.4744, 
2129, 24.487855911254883, 24.5764, 
2124, 24.58884620666504, 24.6784, 
2122, 24.689842224121094, 24.7804, 
2116, 24.790834426879883, 24.8823, 
2112, 24.891830444335938, 24.9843, 
2108, 24.992822647094727, 25.0863, 
2101, 25.045238494873047, 25.1883, 
2093, 25.1462345123291, 25.2902, 
1043, 25.24722671508789, 25.3922, 
376, 25.348222732543945, 25.4942, 
375, 25.449214935302734, 25.5962, 
720, 25.55021095275879, 25.6981, 
1169, 25.651203155517578, 25.8001, 
1739, 25.752195358276367, 25.9021, 
1825, 25.853191375732422, 26.0041, 
1982, 25.954181671142578, 26.1061, 
1980, 26.006603240966797, 26.208, 
1747, 26.107595443725586, 26.31, 
1776, 26.208589553833008, 26.412, 
1831, 26.309579849243164, 26.514, 
1985, 26.41057586669922, 26.6159, 
1971, 26.511571884155273, 26.7179, 
1965, 26.61256217956543, 26.8199, 
1954, 26.713558197021484, 26.9219, 
1946, 26.814550399780273, 27.0238, 
1936, 26.915544509887695, 27.1258, 
1925, 27.016536712646484, 27.2278, 
1918, 27.068954467773438, 27.3298, 
1910, 27.169950485229492, 27.4318, 
1898, 27.27094078063965, 27.5337, 
1891, 27.371938705444336, 27.6357, 
1880, 27.472930908203125, 27.7377, 
1874, 27.573925018310547, 27.8397, 
1858, 27.674917221069336, 27.9416, 
1850, 27.775911331176758, 28.0436, 
1847, 27.87690544128418, 28.1456, 
1827, 27.97789764404297, 28.2476, 
854, 28.030317306518555, 28.3495, 
465, 28.131311416625977, 28.4515, 
1187, 28.232303619384766, 28.5535, 
598, 28.333297729492188, 28.6555, 
462, 28.434289932250977, 28.7575, 
493, 28.5352840423584, 28.8594, 
519, 28.636276245117188, 28.9614, 
543, 28.737274169921875, 29.0634, 
630, 28.838266372680664, 29.1654, 
621, 28.93926239013672, 29.2673, 
536, 29.040252685546875, 29.3693, 
507, 29.092670440673828, 29.4713, 
495, 29.193662643432617, 29.5733, 
476, 29.294658660888672, 29.6752, 
482, 29.395652770996094, 29.7772, 
477, 29.496646881103516, 29.8792, 
798, 29.59764289855957, 29.9812, 
Line 6
255, 1.0540488958358765, 0.0, 
256, 1.155043601989746, 0.102, 
256, 1.2560381889343262, 0.204, 
256, 1.357033133506775, 0.3059, 
256, 1.4580236673355103, 0.4079, 
255, 1.5590181350708008, 0.5099, 
256, 1.6600109338760376, 0.6119, 
256, 1.7610056400299072, 0.7138, 
1673, 1.8619983196258545, 0.8158, 
1625, 1.9629950523376465, 0.9178, 
1788, 2.015411853790283, 1.0198, 
1780, 2.1164042949676514, 1.1217, 
1775, 2.2173969745635986, 1.2237, 
1770, 2.318392038345337, 1.3257, 
1768, 2.419386625289917, 1.4277, 
1764, 2.5203793048858643, 1.5297, 
1748, 2.6213738918304443, 1.6316, 
1736, 2.7223684787750244, 1.7336, 
1731, 2.8233590126037598, 1.8356, 
1731, 2.924354076385498, 1.9376, 
1731, 3.025346279144287, 2.0395, 
1729, 3.0777652263641357, 2.1415, 
1725, 3.178757667541504, 2.2435, 
1731, 3.279754877090454, 2.3455, 
1734, 3.3807473182678223, 2.4474, 
1731, 3.4817399978637695, 2.5494, 
1721, 3.582732677459717, 2.6514, 
1740, 3.683727264404297, 2.7534, 
1748, 3.784721851348877, 2.8553, 
1752, 3.8857147693634033, 2.9573, 
1759, 3.9867095947265625, 3.0593, 
1761, 4.039128303527832, 3.1613, 
1769, 4.140118598937988, 3.2633, 
1776, 4.241113185882568, 3.3652, 
1721, 4.342105865478516, 3.4672, 
1787, 4.443102836608887, 3.5692, 
1793, 4.544093608856201, 3.6712, 
1805, 4.645090103149414, 3.7731, 
1821, 4.746085166931152, 3.8751, 
1843, 4.847075939178467, 3.9771, 
1856, 4.948068618774414, 4.0791, 
1864, 5.000486850738525, 4.181, 
1870, 5.101481914520264, 4.283, 
1869, 5.202474594116211, 4.385, 
1876, 5.303469181060791, 4.487, 
1880, 5.404463768005371, 4.589, 
1887, 5.505454063415527, 4.6909, 
1894, 5.606449127197266, 4.7929, 
1902, 5.707441806793213, 4.8949, 
1907, 5.808438777923584, 4.9969, 
1904, 5.909430980682373, 5.0988, 
1903, 6.01042366027832, 5.2008, 
1905, 6.062844753265381, 5.3028, 
1916, 6.163835048675537, 5.4048, 
1914, 6.264829158782959, 5.5067, 
1922, 6.3658223152160645, 5.6087, 
1927, 6.466817378997803, 5.7107, 
1935, 6.56781005859375, 5.8127, 
1940, 6.668802261352539, 5.9147, 
1944, 6.76979923248291, 6.0166, 
1952, 6.870790004730225, 6.1186, 
1951, 6.971785068511963, 6.2206, 
1961, 7.024201393127441, 6.3226, 
1968, 7.125197887420654, 6.4245, 
1967, 7.226188659667969, 6.5265, 
1972, 7.327183723449707, 6.6285, 
1850, 7.428178310394287, 6.7305, 
695, 7.529170989990234, 6.8324, 
657, 7.6301655769348145, 6.9344, 
657, 7.731158256530762, 7.0364, 
649, 7.832155227661133, 7.1384, 
637, 7.933145523071289, 7.2404, 
565, 8.034137725830078, 7.3423, 
560, 8.086559295654297, 7.4443, 
554, 8.187549591064453, 7.5463, 
536, 8.288545608520508, 7.6483, 
546, 8.38953685760498, 7.7502, 
548, 8.490533828735352, 7.8522, 
549, 8.591524124145508, 7.9542, 
548, 8.692519187927246, 8.0562, 
543, 8.793514251708984, 8.1581, 
534, 8.894506454467773, 8.2601, 
526, 8.995501518249512, 8.3621, 
522, 9.047917366027832, 8.4641, 
518, 9.14891242980957, 8.566, 
520, 9.24990463256836, 8.668, 
500, 9.350897789001465, 8.77, 
2951, 9.451894760131836, 8.872, 
4092, 9.552885055541992, 8.974, 
4092, 9.653882026672363, 9.0759, 
4092, 9.754874229431152, 9.1779, 
4092, 9.85586929321289, 9.2799, 
1302, 9.956859588623047, 9.3819, 
1579, 10.009278297424316, 9.4838, 
508, 10.110275268554688, 9.5858, 
502, 10.211265563964844, 9.6878, 
494, 10.312260627746582, 9.7898, 
1001, 10.41325569152832, 9.8917, 
3150, 10.51424789428711, 9.9937, 
3685, 10.615241050720215, 10.0957, 
1296, 10.716233253479004, 10.1977, 
3953, 10.817230224609375, 10.2997, 
857, 10.918222427368164, 10.4016, 
3937, 11.019218444824219, 10.5036, 
4089, 11.071634292602539, 10.6056, 
4085, 11.172629356384277, 10.7076, 
713, 11.273621559143066, 10.8095, 
456, 11.374613761901855, 10.9115, 
444, 11.475606918334961, 11.0135, 
439, 11.576601028442383, 11.1155, 
448, 11.677597045898438, 11.2174, 
450, 11.77859115600586, 11.3194, 
465, 11.879586219787598, 11.4214, 
462, 11.980576515197754, 11.5234, 
445, 12.032992362976074, 11.6254, 
444, 12.133987426757812, 11.7273, 
466, 12.23498249053955, 11.8293, 
463, 12.335977554321289, 11.9313, 
463, 12.436969757080078, 12.0333, 
457, 12.53796672821045, 12.1352, 
435, 12.638955116271973, 12.2372, 
431, 12.739950180053711, 12.3392, 
448, 12.8409423828125, 12.4412, 
438, 12.941937446594238, 12.5431, 
442, 13.042929649353027, 12.6451, 
444, 13.09535026550293, 12.7471, 
447, 13.196343421936035, 12.8491, 
447, 13.297335624694824, 12.9511, 
450, 13.39832878112793, 13.053, 
429, 13.499322891235352, 13.155, 
425, 13.600316047668457, 13.257, 
428, 13.701313018798828, 13.359, 
430, 13.802305221557617, 13.4609, 
426, 13.903300285339355, 13.5629, 
415, 14.004292488098145, 13.6649, 
422, 14.056709289550781, 13.7669, 
423, 14.15770149230957, 13.8688, 
410, 14.258696556091309, 13.9708, 
409, 14.359689712524414, 14.0728, 
1087, 14.460685729980469, 14.1748, 
2975, 14.561678886413574, 14.2767, 
2036, 14.66267204284668, 14.3787, 
4092, 14.763664245605469, 14.4807, 
4092, 14.864659309387207, 14.5827, 
4092, 14.965653419494629, 14.6847, 
4092, 15.018070220947266, 14.7866, 
4092, 15.119065284729004, 14.8886, 
4065, 15.220059394836426, 14.9906, 
455, 15.321050643920898, 15.0926, 
439, 15.42204475402832, 15.1945, 
452, 15.523037910461426, 15.2965, 
464, 15.624032020568848, 15.3985, 
454, 15.725025177001953, 15.5005, 
457, 15.826022148132324, 15.6024, 
452, 15.927016258239746, 15.7044, 
454, 16.02800750732422, 15.8064, 
456, 16.08042335510254, 15.9084, 
456, 16.18141746520996, 16.0104, 
455, 16.282413482666016, 16.1123, 
459, 16.383405685424805, 16.2143, 
456, 16.484399795532227, 16.3163, 
456, 16.58539581298828, 16.4183, 
457, 16.686386108398438, 16.5202, 
458, 16.78738021850586, 16.6222, 
421, 16.88837242126465, 16.7242, 
401, 16.989368438720703, 16.8262, 
396, 17.041786193847656, 16.9281, 
402, 17.14278221130371, 17.0301, 
401, 17.2437744140625, 17.1321, 
395, 17.34476661682129, 17.2341, 
401, 17.445758819580078, 17.3361, 
395, 17.546754837036133, 17.438, 
402, 17.647748947143555, 17.54, 
394, 17.748741149902344, 17.642, 
398, 17.84973907470703, 17.744, 
390, 17.95073127746582, 17.8459, 
393, 18.003145217895508, 17.9479, 
390, 18.10413932800293, 18.0499, 
383, 18.205135345458984, 18.1519, 
389, 18.306129455566406, 18.2538, 
389, 18.407119750976562, 18.3558, 
401, 18.50811767578125, 18.4578, 
391, 18.609111785888672, 18.5598, 
289, 18.710102081298828, 18.6618, 
256, 18.81109619140625, 18.7637, 
255, 18.912090301513672, 18.8657, 
255, 19.013086318969727, 18.9677, 
256, 19.065500259399414, 19.0697, 
256, 19.1664981842041, 19.1716, 
256, 19.26749038696289, 19.2736, 
255, 19.368480682373047, 19.3756, 
256, 19.46947479248047, 19.4776, 
256, 19.57046890258789, 19.5795, 
256, 19.671464920043945, 19.6815, 
256, 19.7724552154541, 19.7835, 
256, 19.87345314025879, 19.8855, 
256, 19.97444725036621, 19.9874, 
256, 20.0268611907959, 20.0894, 
256, 20.12785530090332, 20.1914, 
256, 20.228849411010742, 20.2934, 
256, 20.329843521118164, 20.3954, 
255, 20.430835723876953, 20.4973, 
256, 20.531829833984375, 20.5993, 
255, 20.63282585144043, 20.7013, 
256, 20.733816146850586, 20.8033, 
255, 20.83481216430664, 20.9052, 
255, 20.93580436706543, 21.0072, 
256, 21.036800384521484, 21.1092, 
256, 22.089214324951172, 21.2112, 
256, 22.190210342407227, 21.3131, 
255, 22.29120445251465, 21.4151, 
256, 22.392196655273438, 21.5171, 
256, 22.493192672729492, 21.6191, 
256, 22.59418487548828, 21.7211, 
256, 22.695180892944336, 21.823, 
256, 22.796173095703125, 21.925, 
256, 22.897165298461914, 22.027, 
255, 22.99816131591797, 22.129, 
255, 23.050575256347656, 22.2309, 
256, 23.151573181152344, 22.3329, 
256, 23.252565383911133, 22.4349, 
255, 23.353561401367188, 22.5369, 
256, 23.454551696777344, 22.6388, 
255, 23.555545806884766, 22.7408, 
256, 23.65654182434082, 22.8428, 
256, 23.757532119750977, 22.9448, 
256, 23.85852813720703, 23.0468, 
256, 23.95952033996582, 23.1487, 
256, 24.01194190979004, 23.2507, 
255, 24.112932205200195, 23.3527, 
255, 24.213924407958984, 23.4547, 
256, 24.31492042541504, 23.5566, 
256, 24.415912628173828, 23.6586, 
256, 24.516908645629883, 23.7606, 
255, 24.617900848388672, 23.8626, 
255, 24.718894958496094, 23.9645, 
256, 24.819887161254883, 24.0665, 
256, 24.920881271362305, 24.1685, 
256, 25.02187728881836, 24.2705, 
255, 25.07429313659668, 24.3724, 
256, 25.175289154052734, 24.4744, 
256, 25.276281356811523, 24.5764, 
256, 25.377277374267578, 24.6784, 
255, 25.478267669677734, 24.7804, 
256, 25.579259872436523, 24.8823, 
256, 25.68025779724121, 24.9843, 
256, 25.781248092651367, 25.0863, 
256, 25.882244110107422, 25.1883, 
255, 25.983238220214844, 25.2902, 
255, 26.035655975341797, 25.3922, 
255, 26.136646270751953, 25.4942, 
255, 26.237640380859375, 25.5962, 
255, 26.338632583618164, 25.6981, 
255, 26.43962860107422, 25.8001, 
255, 26.54062271118164, 25.9021, 
255, 26.641616821289062, 26.0041, 
254, 26.742612838745117, 26.1061, 
254, 26.843605041503906, 26.208, 
255, 26.944595336914062, 26.31, 
255, 27.045589447021484, 26.412, 
255, 27.09800910949707, 26.514, 
254, 27.199005126953125, 26.6159, 
254, 27.299999237060547, 26.7179, 
254, 27.400991439819336, 26.8199, 
254, 27.501983642578125, 26.9219, 
254, 27.602975845336914, 27.0238, 
255, 27.70397186279297, 27.1258, 
254, 27.804964065551758, 27.2278, 
255, 27.905956268310547, 27.3298, 
255, 28.006954193115234, 27.4318, 
254, 28.059371948242188, 27.5337, 
255, 28.160362243652344, 27.6357, 
254, 28.261354446411133, 27.7377, 
254, 28.362350463867188, 27.8397, 
254, 28.463342666625977, 27.9416, 
254, 28.564342498779297, 28.0436, 
254, 28.665334701538086, 28.1456, 
254, 28.766326904296875, 28.2476, 
254, 28.86731719970703, 28.3495, 
254, 28.968311309814453, 28.4515, 
254, 29.02073097229004, 28.5535, 
255, 29.121723175048828, 28.6555, 
254, 29.222721099853516, 28.7575, 
254, 29.323713302612305, 28.8594, 
254, 29.424707412719727, 28.9614, 
254, 29.525697708129883, 29.0634, 
254, 29.626693725585938, 29.1654, 
254, 29.727685928344727, 29.2673, 
255, 29.82868003845215, 29.3693, 
255, 29.929672241210938, 29.4713, 
255, 30.030670166015625, 29.5733, 
254, 30.083086013793945, 29.6752, 
255, 30.1840763092041, 29.7772, 
254, 30.28507423400879, 29.8792, 
255, 30.386064529418945, 29.9812, 
